variant,total_return,cagr,annual_vol,sharpe,max_drawdown
benchmark_spy,0.12211175693812071,36.68231282440789,0.3278839802602555,11.31137912257813,-0.02526381174372394
benchmark_equal_weight,0.09249451437229039,15.22582720050325,0.1844686987258951,15.28125439373915,-0.004833663088512408
