variant,total_return,cagr,annual_vol,sharpe,max_drawdown
benchmark_spy,0.03702938958273938,5.249850844370535,0.22339777333943017,8.343309521103262,-0.006970562175917516
benchmark_equal_weight,0.0551201776454564,13.942290992888992,0.15338938451787668,17.800416573417955,-0.0001782056194362669
