total_return,cagr,annual_vol,sharpe,max_drawdown,avg_turnover,cycles
0.014121370531448463,0.0606637483056387,0.040546050256442444,1.4729691791731077,-0.01942970760344076,0.16747463333333332,60.0
