total_return,cagr,annual_vol,sharpe,max_drawdown,avg_turnover,cycles
0.0009528304333028537,0.0060180096005797434,0.04460291964335394,0.15680561563951068,-0.01942986611295372,0.15653325,40.0
