total_return,cagr,annual_vol,sharpe,max_drawdown,avg_turnover,cycles
0.014120999402632783,0.060662118028258716,0.04054593194315826,1.472935442343417,-0.019429967408551962,0.16747463333333332,60.0
