total_return,cagr,annual_vol,sharpe,max_drawdown,avg_turnover,cycles
0.09375030769040538,0.3261489105456399,0.15334011864079247,1.9177988234856291,-0.04121597034908275,0.3924476625,80.0
