asset,mean_contribution,cum_contribution,avg_abs_weight
TLT,0.0004037707285055106,0.007263369637793504,0.13792844444444446
QQQ,0.0003321260081208737,0.005867522171975059,0.21447744444444444
SPY,-0.0001243292000278872,-0.0022681343088652994,0.1258117777777778
GLD,-0.0001331712036647287,-0.002400234034448556,0.05757977777777777
IWM,-0.00014862684212873907,-0.0026726410448055793,0.02278155555555555
