total_return,cagr,annual_vol,sharpe,max_drawdown,avg_turnover,cycles
0.011993182406191405,0.051346478556257846,0.04538081746777269,1.1261449502503909,-0.016447729427527258,0.1274247166666667,60.0
