total_return,cagr,annual_vol,sharpe,max_drawdown,avg_turnover,cycles
0.005863088616060219,0.27829944910396365,0.01647657893024082,14.917285910204258,0.0,0.10322466666666667,6.0
