total_return,cagr,annual_vol,sharpe,max_drawdown,avg_turnover,cycles
-0.017606353809315745,-0.20053792565451123,0.05544267020970496,-4.007302192278051,-0.02563605033588412,0.37682190000000004,20.0
