total_return,cagr,annual_vol,sharpe,max_drawdown,avg_turnover,cycles
0.012263434102231408,0.05252617849671193,0.039294028919185923,1.322586435937472,-0.01916144862933522,0.19838122610800202,60.0
