total_return,cagr,annual_vol,sharpe,max_drawdown,avg_turnover,cycles
-0.025916833549932572,-0.07938611607925672,0.04571428105728015,-1.7861623836958236,-0.040278914974051894,0.13353112499999997,80.0
