total_return,cagr,annual_vol,sharpe,max_drawdown,avg_turnover,cycles
0.004604028471011601,0.01947984554102411,0.03911180439854565,0.5128511791642825,-0.017988193082957737,0.08915508333333336,60.0
