total_return,cagr,annual_vol,sharpe,max_drawdown,avg_turnover,cycles
-0.007241307927206453,-0.022633049487626566,0.038968775747670055,-0.5679475565535805,-0.034960316237525935,0.09336599999999999,80.0
