total_return,cagr,annual_vol,sharpe,max_drawdown,avg_turnover,cycles
0.014120686368382485,0.060660742947464596,0.04054604319718154,1.4728995299313978,-0.01942978886364133,0.16747463333333334,60.0
