total_return,cagr,annual_vol,sharpe,max_drawdown,avg_turnover,cycles
0.014120666661806336,0.06066065638147333,0.04054599588192301,1.4728991878891686,-0.01942998202375823,0.16747456666666666,60.0
