variant,label,total_return,cagr,annual_vol,sharpe,calmar,max_drawdown,win_rate,cycles,avg_turnover
baseline,,0.0283,0.0313,0.1323,0.2805,0.2461,-0.1271,0.6667,12.0,0.12833608333333335
performance_v2,,0.0847,0.0938,0.1809,0.5482,0.6323,-0.1484,0.6667,12.0,0.47318191666666665
benchmark_spy,,0.1813,0.2018,0.3033,0.7151,0.8364,-0.2413,0.6667,12.0,
benchmark_60_40,,0.1935,0.2156,0.1526,1.2583,2.5452,-0.0847,0.6667,12.0,
