variant,total_return,cagr,annual_vol,sharpe,max_drawdown
benchmark_spy,0.22243743676773153,28.201662573407976,0.3949354835690308,8.797287202471422,-0.0446867190577237
benchmark_equal_weight,0.18783583014942873,17.02635326607675,0.268437612675588,10.968600124811676,-0.03263232107990344
