total_return,cagr,annual_vol,sharpe,max_drawdown,avg_turnover,cycles
0.09361866748515268,0.32564620113222076,0.15331564691970734,1.9156053608242456,-0.04148334602247006,0.39738829644369206,80.0
