{
  "mean_weights": {
    "EEM": 0.008017551850788281,
    "EFA": 0.008010567983873198,
    "GLD": 0.007973208939917391,
    "HYG": 0.007990376927219338,
    "IEF": 0.007976876407191155,
    "IWM": 0.008014367791153477,
    "LQD": 0.007984447108842429,
    "MDY": 0.008012621559463431,
    "MTUM": 0.008026716847233469,
    "QQQ": 0.4000000000000035,
    "QUAL": 0.008020735727883909,
    "SHY": 0.00797946786906571,
    "SLV": 0.00797502114277335,
    "SPY": 0.00801953274223954,
    "TIP": 0.007979660196490598,
    "TLT": 0.007973438251093017,
    "USMV": 0.00800845815546808,
    "USO": 0.007953631162904219,
    "XLC": 0.008031621674336497,
    "XLE": 1.4385714841580465e-16,
    "XLF": 0.00801041963070633,
    "XLI": 0.008012033635079881,
    "XLK": 0.4000000000000035,
    "XLP": 0.008002566042616989,
    "XLRE": 0.008001072041019837,
    "XLU": 0.007990147866569463,
    "XLV": 0.008010659646503637,
    "XLY": 0.008024798799566935
  },
  "p5_weights": {
    "EEM": 0.00801742707658555,
    "EFA": 0.008010500296019005,
    "GLD": 0.007973036074079615,
    "HYG": 0.007990325476042918,
    "IEF": 0.007976713187061234,
    "IWM": 0.008014214092865535,
    "LQD": 0.007984324789606019,
    "MDY": 0.008012489311397052,
    "MTUM": 0.00802663300838317,
    "QQQ": 0.3999999999999995,
    "QUAL": 0.008020609313622085,
    "SHY": 0.007979345157742485,
    "SLV": 0.007974856176413608,
    "SPY": 0.008019412145018544,
    "TIP": 0.0079795340066776,
    "TLT": 0.007973214983940095,
    "USMV": 0.008008439305238353,
    "USO": 0.007953403685241943,
    "XLC": 0.008031469458714122,
    "XLE": 0.0,
    "XLF": 0.008010288130491988,
    "XLI": 0.008011897773481947,
    "XLK": 0.39999999999999936,
    "XLP": 0.008002536971122076,
    "XLRE": 0.008001003042794788,
    "XLU": 0.007990041997283745,
    "XLV": 0.008010605869814731,
    "XLY": 0.008024671507999273
  },
  "p95_weights": {
    "EEM": 0.008017656392417815,
    "EFA": 0.008010624082759057,
    "GLD": 0.007973413602449044,
    "HYG": 0.007990439499728377,
    "IEF": 0.007977068339474465,
    "IWM": 0.008014499682001748,
    "LQD": 0.007984590898267927,
    "MDY": 0.008012735291384139,
    "MTUM": 0.008026787537150058,
    "QQQ": 0.4,
    "QUAL": 0.008020839764736665,
    "SHY": 0.00797961544990536,
    "SLV": 0.007975215962156624,
    "SPY": 0.008019631691277104,
    "TIP": 0.007979811912402478,
    "TLT": 0.007973698515444966,
    "USMV": 0.008008475845679675,
    "USO": 0.00795386294554919,
    "XLC": 0.008031745537184233,
    "XLE": 8.677086826835986e-16,
    "XLF": 0.008010533396154639,
    "XLI": 0.008012151633389308,
    "XLK": 0.4,
    "XLP": 0.008002595559693926,
    "XLRE": 0.008001145796850354,
    "XLU": 0.00799026829004288,
    "XLV": 0.008010703673586255,
    "XLY": 0.008024902749806736
  },
  "std_weights": {
    "EEM": 6.808812187123488e-08,
    "EFA": 3.675525597164217e-08,
    "GLD": 1.1261033872728133e-07,
    "HYG": 3.369107190594417e-08,
    "IEF": 1.05709455690031e-07,
    "IWM": 8.476440052197055e-08,
    "LQD": 7.940616246809371e-08,
    "MDY": 7.363693864210056e-08,
    "MTUM": 4.745117447319091e-08,
    "QQQ": 3.6025522554887164e-15,
    "QUAL": 6.814058022152694e-08,
    "SHY": 7.997208619477395e-08,
    "SLV": 1.0744366323005701e-07,
    "SPY": 6.477127499215351e-08,
    "TIP": 8.307455622156619e-08,
    "TLT": 1.4465303237575753e-07,
    "USMV": 1.1252245055337105e-08,
    "USO": 1.4152652425779822e-07,
    "XLC": 8.31733337721434e-08,
    "XLE": 3.11510447808771e-16,
    "XLF": 7.345388710852367e-08,
    "XLI": 7.602806559687723e-08,
    "XLK": 3.632745760095339e-15,
    "XLP": 1.7188378740910604e-08,
    "XLRE": 4.204907242239985e-08,
    "XLU": 6.769007588203661e-08,
    "XLV": 2.906280258038905e-08,
    "XLY": 6.810283331785286e-08
  }
}