total_return,cagr,annual_vol,sharpe,max_drawdown,avg_turnover,cycles
0.0011916741078235038,0.007531295770021096,0.044181533368987704,0.19189871653520396,-0.019567506455764105,0.19280466875881302,40.0
