total_return,cagr,annual_vol,sharpe,max_drawdown,avg_turnover,cycles
0.006473631214567899,0.027472211741886854,0.04610524372758356,0.6109079123696711,-0.0230218315152092,0.11529613333333334,60.0
